{
  "param_count_M": 1.449092,
  "train_time_s": 927.9816207885742,
  "max_gpu_mem_MB": 2647.57248,
  "eval_iters": [
    0,
    500,
    1000,
    1500,
    2000,
    2500,
    3000,
    3500,
    4000,
    4500,
    5000,
    5500,
    6000,
    6500,
    7000,
    7500,
    8000,
    8500,
    9000,
    9500
  ],
  "psnr": [
    5.511122703552246,
    7.217006206512451,
    7.217006206512451,
    7.217006206512451,
    7.217006206512451,
    7.217006206512451,
    7.217006206512451,
    7.217006206512451,
    7.217006206512451,
    7.217006206512451,
    7.217006206512451,
    7.217006206512451,
    7.217005729675293,
    7.217006206512451,
    7.217005729675293,
    7.217006206512451,
    7.217005729675293,
    7.217005729675293,
    7.217006206512451,
    7.217006206512451
  ],
  "ssim": [
    0.029760560020804405,
    0.03069148026406765,
    0.03069150261580944,
    0.030691510066390038,
    0.030691510066390038,
    0.03069145418703556,
    0.030691534280776978,
    0.03069150447845459,
    0.03069145977497101,
    0.030691510066390038,
    0.030691534280776978,
    0.030691519379615784,
    0.030691498890519142,
    0.030691521242260933,
    0.030691511929035187,
    0.03069150634109974,
    0.03069148398935795,
    0.03069150261580944,
    0.030691497027873993,
    0.03069148398935795
  ],
  "lpips": [
    0.9117627739906311,
    0.940859854221344,
    0.9408599734306335,
    0.9408601522445679,
    0.9408601522445679,
    0.9408599734306335,
    0.9408586025238037,
    0.940859854221344,
    0.9408588409423828,
    0.9408603310585022,
    0.9408591985702515,
    0.940859854221344,
    0.940859854221344,
    0.9408602714538574,
    0.940859854221344,
    0.9408600926399231,
    0.940859854221344,
    0.940859854221344,
    0.9408600926399231,
    0.9408597946166992
  ]
}