{
  "params_M": 1.84064,
  "train_time_s": 3742.849463224411,
  "max_gpu_mem_MB": 9530.518528,
  "psnr": [
    16.745813369750977,
    19.780269622802734,
    20.277130126953125,
    20.90395736694336,
    21.10145378112793,
    21.5755615234375,
    21.451995849609375,
    21.812828063964844,
    21.798358917236328,
    21.972105026245117,
    22.137813568115234,
    22.286596298217773,
    22.209367752075195,
    22.26150894165039,
    22.21456527709961,
    22.206829071044922,
    22.291257858276367,
    22.290151596069336,
    22.340892791748047,
    22.291439056396484
  ],
  "ssim": [
    0.5558709502220154,
    0.6502817869186401,
    0.7052233815193176,
    0.730639636516571,
    0.7444406151771545,
    0.7605850100517273,
    0.7636565566062927,
    0.7733383178710938,
    0.7743561863899231,
    0.7816837430000305,
    0.787121593952179,
    0.7917649745941162,
    0.7909000515937805,
    0.79325270652771,
    0.7903692722320557,
    0.7912289500236511,
    0.7936391830444336,
    0.7936754822731018,
    0.7953557968139648,
    0.7946686744689941
  ],
  "lpips": [
    0.4479297995567322,
    0.37460771203041077,
    0.29328596591949463,
    0.2684426009654999,
    0.25343719124794006,
    0.2329109013080597,
    0.21352888643741608,
    0.2060200273990631,
    0.19697844982147217,
    0.19261422753334045,
    0.18887479603290558,
    0.18722641468048096,
    0.18623991310596466,
    0.1864650547504425,
    0.18404775857925415,
    0.18384353816509247,
    0.18388041853904724,
    0.18291376531124115,
    0.18281054496765137,
    0.18334530293941498
  ],
  "eval_iters": [
    499,
    999,
    1499,
    1999,
    2499,
    2999,
    3499,
    3999,
    4499,
    4999,
    5499,
    5999,
    6499,
    6999,
    7499,
    7999,
    8499,
    8999,
    9499,
    9999
  ]
}